{
  "generatedAt": "2026-07-05",
  "predictionsAnalyzed": 43,
  "scoredCalls": 521,
  "windows": [
    7,
    30
  ],
  "byAction": {
    "hold": {
      "7d": {
        "calls": 291,
        "accuracy": 0.5120274914089347,
        "avgReturn": 0.010170155686479799
      },
      "30d": {
        "calls": 190,
        "accuracy": 0.25263157894736843,
        "avgReturn": -2.423432038230466
      }
    },
    "trim": {
      "7d": {
        "calls": 17,
        "accuracy": 0.7647058823529411,
        "avgReturn": -2.6266438396068286
      },
      "30d": {
        "calls": 16,
        "accuracy": 0.25,
        "avgReturn": 0.14937696890632757
      }
    },
    "buy": {
      "7d": {
        "calls": 5,
        "accuracy": 0.6,
        "avgReturn": -1.4745645443483664
      },
      "30d": {
        "calls": 2,
        "accuracy": 1,
        "avgReturn": 4.396718830155609
      }
    }
  },
  "byConviction": {
    "high": {
      "7d": {
        "calls": 54,
        "accuracy": 0.37037037037037035,
        "avgReturn": -2.848696723829489
      },
      "30d": {
        "calls": 50,
        "accuracy": 0.3,
        "avgReturn": -3.5584259949374566
      }
    },
    "medium": {
      "7d": {
        "calls": 231,
        "accuracy": 0.5584415584415584,
        "avgReturn": -0.013605795835426097
      },
      "30d": {
        "calls": 133,
        "accuracy": 0.2706766917293233,
        "avgReturn": -2.3335270029527972
      }
    },
    "low": {
      "7d": {
        "calls": 28,
        "accuracy": 0.5714285714285714,
        "avgReturn": 3.853796758374435
      },
      "30d": {
        "calls": 25,
        "accuracy": 0.12,
        "avgReturn": 1.5604709215447559
      }
    }
  },
  "calibrationInverted": true,
  "highConvictionPenalty": 0.18807118807118806,
  "bestEdge": {
    "signal": "trim (7d)",
    "accuracy": 0.7647058823529411
  },
  "worstSignal": {
    "signal": "trim (30d)",
    "accuracy": 0.25
  }
}